Model,R² Score,Accuracy (%),RMSE (MPa),MAE (MPa),Training Time (s),Prediction Time (ms)
Random Forest,0.9996869391867739,99.96869391867739,4.211446726652635,1.2192767152701103,38.94236087799072,0.2845287322998047
Gradient Boosting,0.9996861376598807,99.96861376598807,4.216834545580819,1.224611495591882,62.72970128059387,0.049042701721191406
Neural Network,0.999240622783331,99.92406227833311,6.559122445353579,3.8619455587344453,40.296730041503906,0.002880096435546875
