Model,R² Score,Accuracy (%),RMSE (MPa),MAE (MPa),Training Time (s),Prediction Time (ms)
Random Forest,0.9996869391867739,99.96869391867739,4.211446726652641,1.2192767152701103,159.9034547805786,0.3098750114440918
Gradient Boosting,0.999687583954043,99.9687583954043,4.207107629478917,1.2235609223244026,28.294254302978516,0.022428035736083984
Neural Network,0.9992297952348705,99.92297952348706,6.605718423828066,3.4553660521191003,250.96267533302307,0.005414485931396484
